BEGIN TRANSACTION;CREATE TABLE "cases" (
  "case_num" integer PRIMARY KEY NOT NULL,
  "case_desc" text NOT NULL,
  "forensic_only" integer NOT NULL,
  "is_icac" integer NOT NULL,
  "icac_dispo" integer NOT NULL,
  "date_requested" date NOT NULL,
  "date_completed" date,
  "reporting_ofc" text NOT NULL,
  "forensic_inv" text
) WITHOUT ROWID;INSERT INTO "cases" VALUES(16009104,'cloned cards',1,0,0,'2018-06-05','NULL','Kritzeck','Backer-Hines');INSERT INTO "cases" VALUES(17000976,'Solicitation',1,0,0,'2018-04-17','2018-10-25','Marshall','Schultz');INSERT INTO "cases" VALUES(18000447,'Solicitation',1,0,0,'2018-04-17','2018-10-25','Schroepfer ','Schroepfer');INSERT INTO "cases" VALUES(18000726,'CSC',1,0,0,'2018-02-09','2018-03-23','Fancher ','Schultz/Schroepfer');INSERT INTO "cases" VALUES(18001176,'Interference w/ Privacy',1,0,0,'2018-03-16','2018-03-16','Fancher ','Schultz');INSERT INTO "cases" VALUES(18001396,'Mail Theft/Fraud',1,0,0,'2018-03-14','2018-10-29','Schneider ','Schroepfer');INSERT INTO "cases" VALUES(18001401,'Terroristic Threats',1,0,0,'2018-03-13','2018-03-21','Marshall ','Schultz');INSERT INTO "cases" VALUES(18001603,'CSC - Date Rape',1,0,0,'2018-03-28','2018-03-30','Cytryszewski','Schroepfer');INSERT INTO "cases" VALUES(18001612,'Construction Burglary',0,0,0,'2018-05-01','2018-05-08','Ryan','Schultz');INSERT INTO "cases" VALUES(18002027,'2nd Deg Assault',1,0,0,'2018-05-01','2018-05-08','Kritzeck','Schultz');INSERT INTO "cases" VALUES(18002284,'OD Death',0,0,0,'2018-05-01','NULL','Schroepfer','Schroepfer');INSERT INTO "cases" VALUES(18002540,'School threat',1,0,0,'2018-05-10','2018-05-18','Marshall','Schultz');INSERT INTO "cases" VALUES(18003048,'suspicious fatality crash',1,0,0,'2018-06-14','2018-06-15','Kritzeck','Schultz');INSERT INTO "cases" VALUES(18003382,'Credit Card Skimmer',1,0,0,'2018-06-21','NULL','Evans','Backer-Hines');INSERT INTO "cases" VALUES(18003507,'Interference w/Privacy',0,0,0,'2018-06-26','NULL','Schroepfer','Schroepfer/Backer-Hines');INSERT INTO "cases" VALUES(18003533,'Child Solicitation',0,0,0,'2018-06-27','2018-07-26','Schultz','Schultz');INSERT INTO "cases" VALUES(18003574,'Crim Veh Homicide/ 2nd Deg Homicide',1,0,0,'2018-06-29','NULL','Berens','Backer-Hines');INSERT INTO "cases" VALUES(18003673,'Fraud - Associated With 18001396',1,0,0,'2018-07-12','2018-07-12','Cytryszewski','Schroepfer');INSERT INTO "cases" VALUES(18003719,'Death Investigation',1,0,0,'2018-08-03','2018-08-30','Fancher','Schultz');INSERT INTO "cases" VALUES(18004113,'Fruad - Skimmer',1,0,0,'2018-07-25','2018-07-25','Kritzeck','Schultz');INSERT INTO "cases" VALUES(18004536,'Motor Vehicle Crash',0,0,0,'2018-08-14','2018-08-17','Nelson','Schultz');INSERT INTO "cases" VALUES(18005169,'Motor Vehicle Crash',1,0,0,'2018-09-12','2018-09-13','Nelson','Schultz');INSERT INTO "cases" VALUES(18005759,'OD Death',1,0,0,'2018-10-18','2018-12-27','Schneider','Schultz');INSERT INTO "cases" VALUES(18006173,'POR Violation',1,0,0,'2018-10-30','2018-10-31','Bolks','Schroepfer');INSERT INTO "cases" VALUES(18006367,'ICAC Cybertip - Facebook',0,1,0,'2018-11-07','NULL','Schultz','NULL');INSERT INTO "cases" VALUES(18006495,'ICAC Cybertip - Facebook',0,1,0,'2018-11-14','NULL','Schultz','NULL');INSERT INTO "cases" VALUES(18006759,'Vulnerable Adult',1,0,0,'2018-12-04','2018-12-04','Schultz','Schultz');INSERT INTO "cases" VALUES(18006856,'Sex Trafficing',1,0,0,'2018-12-06','NULL','Thul','Schroepfer');INSERT INTO "cases" VALUES(18006889,'Child Solicitation',1,1,0,'2018-12-06','NULL','Thul','Schultz');INSERT INTO "cases" VALUES(18006974,'Burglary',1,0,0,'2018-12-18','2018-12-19','Spiess','Backer-Hines');INSERT INTO "cases" VALUES(18007054,'Child Solicitation',0,1,0,'2018-12-12','2018-12-28','Schultz','Schultz');INSERT INTO "cases" VALUES(18007058,'Fraud',1,0,0,'2018-12-12','NULL','Meade','NULL');INSERT INTO "cases" VALUES(18007088,'Sextortion',0,1,0,'2018-12-13','NULL','Schultz','Schultz');INSERT INTO "cases" VALUES(19000030,'ICAC Dakota Woodlands',0,1,0,'01/02/2019',NULL,'Schultz',NULL);CREATE TABLE "evidence_drives" (
  "drive_id" integer PRIMARY KEY NOT NULL,
  "drive_num" integer NOT NULL,
  "ser_num" text NOT NULL,
  "case_id" integer NOT NULL,
  FOREIGN KEY (case_id) REFERENCES "cases" (case_num),
  FOREIGN KEY (drive_num) REFERENCES "evidence_status" (evid_drive)
) WITHOUT ROWID;INSERT INTO "evidence_drives" VALUES(1,0,'Schultz RAID',17003182);INSERT INTO "evidence_drives" VALUES(2,0,'Schultz RAID',17000464);INSERT INTO "evidence_drives" VALUES(3,1,'5NF1CHDE',0);INSERT INTO "evidence_drives" VALUES(4,2,'3NF035EY',2008002011);INSERT INTO "evidence_drives" VALUES(5,2,'3NF035EY',2008003601);INSERT INTO "evidence_drives" VALUES(6,3,'5QM0EW3Q',2008003907);INSERT INTO "evidence_drives" VALUES(7,3,'50M0EW3Q',2008004371);INSERT INTO "evidence_drives" VALUES(8,3,'5QM0EW3Q',2008005274);INSERT INTO "evidence_drives" VALUES(9,3,'5QM0EW3Q',2008002712);INSERT INTO "evidence_drives" VALUES(10,4,'9QM0S8AV',2008002712);INSERT INTO "evidence_drives" VALUES(11,4,'9QM0S8AV',2008007892);INSERT INTO "evidence_drives" VALUES(12,4,'9QM0S8AV',2009001373);INSERT INTO "evidence_drives" VALUES(13,4,'9QM0S8AV',10000363);INSERT INTO "evidence_drives" VALUES(14,5,'2GEX0M50',2009001573);INSERT INTO "evidence_drives" VALUES(15,5,'2GEX0M50',2009004079);INSERT INTO "evidence_drives" VALUES(16,5,'2GEX0M50',2009004284);INSERT INTO "evidence_drives" VALUES(17,6,'TJA0914004B',0);INSERT INTO "evidence_drives" VALUES(18,7,'TJA9300171',0);INSERT INTO "evidence_drives" VALUES(19,8,' 2GHL46XW',2009007948);INSERT INTO "evidence_drives" VALUES(20,8,'2GHL46XW',10001485);INSERT INTO "evidence_drives" VALUES(21,9,'90K256H8',10001485);INSERT INTO "evidence_drives" VALUES(22,10,'90K24L24',13002474);INSERT INTO "evidence_drives" VALUES(23,10,'90K24L24',13004026);INSERT INTO "evidence_drives" VALUES(24,10,'90K24L24 DC Case',13673);INSERT INTO "evidence_drives" VALUES(25,11,'WMAZA0055153',10004996);INSERT INTO "evidence_drives" VALUES(26,11,'WMAZA0055153',10007639);INSERT INTO "evidence_drives" VALUES(27,12,'WCAV5N796782',0);INSERT INTO "evidence_drives" VALUES(28,13,'WCAZA5237646 DC',13673);INSERT INTO "evidence_drives" VALUES(29,13,'WCAZA5237646',11002699);INSERT INTO "evidence_drives" VALUES(30,13,'WCAZA5237646',13004118);INSERT INTO "evidence_drives" VALUES(31,14,'YAJG7A5V',12001679);INSERT INTO "evidence_drives" VALUES(32,15,'YAJXJKMV',11002699);INSERT INTO "evidence_drives" VALUES(33,15,'YAJXJKMV',14003994);INSERT INTO "evidence_drives" VALUES(34,15,'YAJXJKMV',11006563);INSERT INTO "evidence_drives" VALUES(35,15,'YAJXJKMV',16000024);INSERT INTO "evidence_drives" VALUES(36,15,'YAJXJKMV',17000053);INSERT INTO "evidence_drives" VALUES(37,16,'S1FXJ9ASC00239',10001588);INSERT INTO "evidence_drives" VALUES(38,16,'S1FXJ9ASC00239',11002810);INSERT INTO "evidence_drives" VALUES(39,16,'S1FXJ9ASC00239',13003306);INSERT INTO "evidence_drives" VALUES(40,16,'S1FXJ9ASC00239',13004296);INSERT INTO "evidence_drives" VALUES(41,16,'S1FXJ9ASC00239',13004118);INSERT INTO "evidence_drives" VALUES(42,17,'Z2T002DD',11002699);INSERT INTO "evidence_drives" VALUES(43,17,'Z2T002DD',13003253);INSERT INTO "evidence_drives" VALUES(44,18,'Z2T00094 Or 15',13000016);INSERT INTO "evidence_drives" VALUES(45,18,'Z2T00094 maybe 15',12000641);INSERT INTO "evidence_drives" VALUES(46,18,'Z2T00094 15',12004868);INSERT INTO "evidence_drives" VALUES(47,18,'Z2T00094 or 15',13000821);INSERT INTO "evidence_drives" VALUES(48,18,'Z2T00094 or 15',12003728);INSERT INTO "evidence_drives" VALUES(49,18,'Z2T00094 or 15',11002699);INSERT INTO "evidence_drives" VALUES(50,18,'Z2T00094 or 15',12002838);INSERT INTO "evidence_drives" VALUES(51,19,'W1D1PYZ5',12002298);INSERT INTO "evidence_drives" VALUES(52,20,'W1D1QTD5',0);INSERT INTO "evidence_drives" VALUES(53,21,'W2FOPQBQ',0);INSERT INTO "evidence_drives" VALUES(54,22,'W2417MPV',12003728);INSERT INTO "evidence_drives" VALUES(55,22,'W2417MPV',12002337);INSERT INTO "evidence_drives" VALUES(56,22,'W2417MPV',12002542);INSERT INTO "evidence_drives" VALUES(57,22,'W2417MPV',12003919);INSERT INTO "evidence_drives" VALUES(58,22,'W2417MPV',12002906);INSERT INTO "evidence_drives" VALUES(59,22,'W2417MPV',13000298);INSERT INTO "evidence_drives" VALUES(60,22,'W2417MPV',13001110);INSERT INTO "evidence_drives" VALUES(61,22,'W2417MPV',12006672);INSERT INTO "evidence_drives" VALUES(62,22,'W2417MPV',13000321);INSERT INTO "evidence_drives" VALUES(63,22,'W2417MPV',13000821);INSERT INTO "evidence_drives" VALUES(64,23,'WcFOPQ54',13000303);INSERT INTO "evidence_drives" VALUES(65,23,'WcFOPQ54',13000821);INSERT INTO "evidence_drives" VALUES(66,23,'WcFOPQ54',13001762);INSERT INTO "evidence_drives" VALUES(67,24,'W1E2YG44',13002474);INSERT INTO "evidence_drives" VALUES(68,24,'W1E2YG44',13004957);INSERT INTO "evidence_drives" VALUES(69,25,'W1E272K6',13004509);INSERT INTO "evidence_drives" VALUES(70,25,'W1E272K6',13003977);INSERT INTO "evidence_drives" VALUES(71,26,'W2412MR2',13005277);INSERT INTO "evidence_drives" VALUES(72,26,'W2412MR2',13005855);INSERT INTO "evidence_drives" VALUES(73,27,'5XW1864R',13005277);INSERT INTO "evidence_drives" VALUES(74,27,'5XW1864R',13002564);INSERT INTO "evidence_drives" VALUES(75,27,'5XW1864R',13003253);INSERT INTO "evidence_drives" VALUES(76,27,'5XW1864R',14000130);INSERT INTO "evidence_drives" VALUES(77,28,'5XW1Q42V',13005277);INSERT INTO "evidence_drives" VALUES(78,28,'5XW1Q42V',13007166);INSERT INTO "evidence_drives" VALUES(79,29,'5XW1RoCF',13005414);INSERT INTO "evidence_drives" VALUES(80,29,'5XW1RoCF',14002206);INSERT INTO "evidence_drives" VALUES(81,29,'5XW1RoCF',14005190);INSERT INTO "evidence_drives" VALUES(82,29,'5XW1RoCF',14004841);INSERT INTO "evidence_drives" VALUES(83,29,'5XW1RoCF',14005668);INSERT INTO "evidence_drives" VALUES(84,29,'5XW1RoCF',15000535);INSERT INTO "evidence_drives" VALUES(85,29,'5XW1RoCF',15002627);INSERT INTO "evidence_drives" VALUES(86,29,'5XW1RoCF',15000465);INSERT INTO "evidence_drives" VALUES(87,30,'5XW1S9C7',14003555);INSERT INTO "evidence_drives" VALUES(88,30,'5XW1S9C7',16006872);INSERT INTO "evidence_drives" VALUES(89,30,'5XW1S9C7',14003661);INSERT INTO "evidence_drives" VALUES(90,30,'5XW1S9C7',16009049);INSERT INTO "evidence_drives" VALUES(91,30,'5XW1S9C7',14004739);INSERT INTO "evidence_drives" VALUES(92,30,'5XW1S9C7',13004996);INSERT INTO "evidence_drives" VALUES(93,30,'5XW1S9C7',14004573);INSERT INTO "evidence_drives" VALUES(94,30,'5XW1S9C7',16002429);INSERT INTO "evidence_drives" VALUES(95,30,'5XW1S9C7',14004806);INSERT INTO "evidence_drives" VALUES(96,30,'5XW1S9C7',16006847);INSERT INTO "evidence_drives" VALUES(97,30,'5XW1S9C7',15005874);INSERT INTO "evidence_drives" VALUES(98,30,'5XW1S9C7',16008032);INSERT INTO "evidence_drives" VALUES(99,30,'5XW1S9C7',16005634);INSERT INTO "evidence_drives" VALUES(100,31,'65DL0EVGS',13006534);INSERT INTO "evidence_drives" VALUES(101,31,'65DL0EVGS',14007198);INSERT INTO "evidence_drives" VALUES(102,31,'65DL0EVGS',17006301);INSERT INTO "evidence_drives" VALUES(103,31,'65DL0EVGS',15007081);INSERT INTO "evidence_drives" VALUES(104,31,'65DL0EVGS',16001575);INSERT INTO "evidence_drives" VALUES(105,31,'65DL0EVGS',16002539);INSERT INTO "evidence_drives" VALUES(106,31,'65DL0EVGS',18001176);INSERT INTO "evidence_drives" VALUES(107,31,'65DL0EVGS',17000464);INSERT INTO "evidence_drives" VALUES(108,31,'65DL0EVGS',17000336);INSERT INTO "evidence_drives" VALUES(109,31,'65DL0EVGS',18001612);INSERT INTO "evidence_drives" VALUES(110,31,'65DL0EVGS',17006620);INSERT INTO "evidence_drives" VALUES(111,31,'65DL0EVGS',16008396);INSERT INTO "evidence_drives" VALUES(112,31,'65DL0EVGS',17007007);INSERT INTO "evidence_drives" VALUES(113,31,'65DL0EVGS',18001401);INSERT INTO "evidence_drives" VALUES(114,31,'65DL0EVGS',18000726);INSERT INTO "evidence_drives" VALUES(115,31,'65DL0EVGS',17004250);INSERT INTO "evidence_drives" VALUES(116,32,'Z3028FLH',14006534);INSERT INTO "evidence_drives" VALUES(117,33,'644J7BZGS TZ5',14007198);INSERT INTO "evidence_drives" VALUES(118,33,'644J7BZGS TZ5',17004537);INSERT INTO "evidence_drives" VALUES(119,34,'0',15004921);INSERT INTO "evidence_drives" VALUES(120,34,'0',12002337);INSERT INTO "evidence_drives" VALUES(121,34,'0',12000641);INSERT INTO "evidence_drives" VALUES(122,34,'0',13000016);INSERT INTO "evidence_drives" VALUES(123,34,'0',15005218);INSERT INTO "evidence_drives" VALUES(124,34,'0',13003306);INSERT INTO "evidence_drives" VALUES(125,34,'0',16000017);INSERT INTO "evidence_drives" VALUES(126,34,'0',13004118);INSERT INTO "evidence_drives" VALUES(127,34,'0',14003264);INSERT INTO "evidence_drives" VALUES(128,34,'0',14003555);INSERT INTO "evidence_drives" VALUES(129,34,'0',15003752);INSERT INTO "evidence_drives" VALUES(130,35,'WMC5C0D7KZJ4 Discovery',11006563);INSERT INTO "evidence_drives" VALUES(131,36,'W4Z16W73',15005528);INSERT INTO "evidence_drives" VALUES(132,36,'W4Z16W73',15005778);INSERT INTO "evidence_drives" VALUES(133,36,'W4Z16W73',15005929);INSERT INTO "evidence_drives" VALUES(134,37,'Z4Z3ZZVY',16000011);INSERT INTO "evidence_drives" VALUES(135,37,'Z4Z3ZZVY',14007198);INSERT INTO "evidence_drives" VALUES(136,37,'Z4Z3ZZVY',16000917);INSERT INTO "evidence_drives" VALUES(137,37,'Z4Z3ZZVY',16000815);INSERT INTO "evidence_drives" VALUES(138,37,'Z4Z3ZZVY',16001241);INSERT INTO "evidence_drives" VALUES(139,37,'Z4Z3ZZVY',16001599);INSERT INTO "evidence_drives" VALUES(140,37,'Z4Z3ZZVY',16001797);INSERT INTO "evidence_drives" VALUES(141,37,'Z4Z3ZZVY',16002539);INSERT INTO "evidence_drives" VALUES(142,37,'Z4Z3ZZVY',14002251);INSERT INTO "evidence_drives" VALUES(143,37,'Z4Z3ZZVY',16005328);INSERT INTO "evidence_drives" VALUES(144,37,'Z4Z3ZZVY',16005411);INSERT INTO "evidence_drives" VALUES(145,37,'Z4Z3ZZVY',16006824);INSERT INTO "evidence_drives" VALUES(146,37,'Z4Z3ZZVY',17002946);INSERT INTO "evidence_drives" VALUES(147,37,'Z4Z3ZZVY',17004112);INSERT INTO "evidence_drives" VALUES(148,37,'Z4Z3ZZVY',17003182);INSERT INTO "evidence_drives" VALUES(149,38,'Z306FDWN',16006233);INSERT INTO "evidence_drives" VALUES(150,38,'Z306FDWN',16009373);INSERT INTO "evidence_drives" VALUES(151,38,'Z306FDWN',16007324);INSERT INTO "evidence_drives" VALUES(152,38,'Z306FDWN',16009049);INSERT INTO "evidence_drives" VALUES(153,38,'Z306FDWN',17007007);INSERT INTO "evidence_drives" VALUES(154,38,'Z306FDWN',17007392);INSERT INTO "evidence_drives" VALUES(155,39,'Z4Z3ZZ6R',14003264);INSERT INTO "evidence_drives" VALUES(156,39,'Z4Z3ZZ6R',17002379);INSERT INTO "evidence_drives" VALUES(157,40,'Z4Z2W417',17000464);INSERT INTO "evidence_drives" VALUES(158,40,'Z4Z2W417',17000948);INSERT INTO "evidence_drives" VALUES(159,40,'Z4Z2W417',17001009);INSERT INTO "evidence_drives" VALUES(160,40,'Z4Z2W417',17006301);INSERT INTO "evidence_drives" VALUES(161,41,'Z8E0DKW4',14003264);INSERT INTO "evidence_drives" VALUES(162,41,'Z8E0DKW4',17001104);INSERT INTO "evidence_drives" VALUES(163,41,'Z8E0DKW4',17001542);INSERT INTO "evidence_drives" VALUES(164,41,'Z8E0DKW4',17006870);INSERT INTO "evidence_drives" VALUES(165,42,'Z4Z76YAL',17003182);INSERT INTO "evidence_drives" VALUES(166,42,'Z4Z76YAL',18003719);INSERT INTO "evidence_drives" VALUES(167,42,'Z4Z76YAL',16009373);INSERT INTO "evidence_drives" VALUES(168,42,'Z4Z76YAL',17004250);INSERT INTO "evidence_drives" VALUES(169,42,'Z4Z76YAL',18003533);INSERT INTO "evidence_drives" VALUES(170,42,'Z4Z76YAL',17003001);INSERT INTO "evidence_drives" VALUES(171,42,'Z4Z76YAL',17006869);INSERT INTO "evidence_drives" VALUES(172,42,'Z4Z76YAL',18004536);INSERT INTO "evidence_drives" VALUES(173,42,'Z4Z76YAL',17000976);INSERT INTO "evidence_drives" VALUES(174,43,'Z4Z2T5RD',17003001);INSERT INTO "evidence_drives" VALUES(175,44,'WCC4M4PTY4YU',18006495);INSERT INTO "evidence_drives" VALUES(176,45,'Z4Z2ZFV1',18002284);INSERT INTO "evidence_drives" VALUES(177,45,'Z4Z2ZFV1',17007326);INSERT INTO "evidence_drives" VALUES(178,45,'Z4Z2ZFV1',18001396);INSERT INTO "evidence_drives" VALUES(179,45,'Z4Z2ZFV1',18003673);INSERT INTO "evidence_drives" VALUES(180,45,'Z4Z2ZFV1',18000726);INSERT INTO "evidence_drives" VALUES(181,45,'Z4Z2ZFV1',17006870);INSERT INTO "evidence_drives" VALUES(182,45,'Z4Z2ZFV1',18006173);INSERT INTO "evidence_drives" VALUES(183,46,'Z4Z3MPZZ',18002027);INSERT INTO "evidence_drives" VALUES(184,46,'Z4Z3MPZZ',18002540);INSERT INTO "evidence_drives" VALUES(185,46,'Z4Z3MPZZ',17007326);INSERT INTO "evidence_drives" VALUES(186,46,'Z4Z3MPZZ',18003048);INSERT INTO "evidence_drives" VALUES(187,46,'Z4Z3MPZZ',18005759);INSERT INTO "evidence_drives" VALUES(188,46,'Z4Z3MPZZ',18006367);INSERT INTO "evidence_drives" VALUES(189,46,'Z4Z3MPZZ',18006495);INSERT INTO "evidence_drives" VALUES(190,47,'WCASJ0480653',16009104);INSERT INTO "evidence_drives" VALUES(191,47,'WCASJ0480653',18003382);INSERT INTO "evidence_drives" VALUES(192,47,'WCASJ0480653',18003574);INSERT INTO "evidence_drives" VALUES(193,47,'WCASJ0480653',18001603);INSERT INTO "evidence_drives" VALUES(194,47,'WCASJ0480653',17005505);INSERT INTO "evidence_drives" VALUES(195,47,'WCASJ0480653',17005121);INSERT INTO "evidence_drives" VALUES(196,47,'WCASJ0480653',17004537);INSERT INTO "evidence_drives" VALUES(197,47,'WCASJ0480653',17006109);INSERT INTO "evidence_drives" VALUES(198,47,'WCASJ0480653',18006974);INSERT INTO "evidence_drives" VALUES(199,48,'5QD307RX',17003001);INSERT INTO "evidence_drives" VALUES(200,49,'WCC4M1HKRT2A',0);INSERT INTO "evidence_drives" VALUES(201,50,'Z4Z40049',18006495);INSERT INTO "evidence_drives" VALUES(202,50,'Z4Z40049',18006889);CREATE TABLE "evidence_status" (
  "evid_id" integer PRIMARY KEY NOT NULL,
  "evid_num" integer NOT NULL,
  "evid_desc" text NOT NULL,
  "has_evid" integer NOT NULL,
  "has_cp" integer NOT NULL,
  "is_hd" integer NOT NULL,
  "is_dev" integer NOT NULL,
  "is_media" integer NOT NULL,
  "release_notes" text,
  "evid_drive" integer NOT NULL,
  "case_id" integer NOT NULL,
  FOREIGN KEY (case_id) REFERENCES "cases" (case_num)
);INSERT INTO "evidence_status" VALUES(1,1,'iPhone',0,0,0,1,0,NULL,47,18000447);INSERT INTO "evidence_status" VALUES(2,7,'iPhone 7',1,0,0,1,0,NULL,31,18000726);INSERT INTO "evidence_status" VALUES(3,2,'iPhone 7 Plus',0,0,0,1,0,NULL,31,18000726);INSERT INTO "evidence_status" VALUES(4,0,'Case Files',1,0,0,0,1,'Copy of forensic folder (Sensative)',31,18000726);INSERT INTO "evidence_status" VALUES(5,0,'LG SD card',0,0,0,1,1,NULL,31,18001176);INSERT INTO "evidence_status" VALUES(6,0,'iPhone',0,0,0,1,0,'Calvin Williams',31,18001401);INSERT INTO "evidence_status" VALUES(7,18,'Samsung Galaxy',0,0,0,1,0,NULL,47,18001603);INSERT INTO "evidence_status" VALUES(8,1,'LG Optimus',1,0,0,1,0,NULL,31,18001612);INSERT INTO "evidence_status" VALUES(9,7,'iPhone ',1,0,0,1,0,NULL,46,18002027);INSERT INTO "evidence_status" VALUES(10,2,'LG Phone',0,0,0,1,0,NULL,45,18002284);INSERT INTO "evidence_status" VALUES(11,3,'iPhone',1,0,0,1,0,NULL,46,18002540);INSERT INTO "evidence_status" VALUES(12,6,'HP Laptop',0,0,1,0,0,NULL,46,18002540);INSERT INTO "evidence_status" VALUES(13,36,'WD HD',1,0,1,0,0,'from Sony Vaio',45,18001396);INSERT INTO "evidence_status" VALUES(14,21,'LG Phone',1,0,0,1,0,'Released to owner',46,18003048);INSERT INTO "evidence_status" VALUES(15,0,'ScanDisk microSD',0,0,0,0,1,NULL,47,18003382);INSERT INTO "evidence_status" VALUES(16,1,'Samsung Galaxy',1,0,0,1,0,'Can Be released',42,18003533);INSERT INTO "evidence_status" VALUES(17,2,'SD Card',0,0,0,0,1,NULL,42,18003533);INSERT INTO "evidence_status" VALUES(18,1,'ZTE BLade Z',0,0,0,1,0,NULL,47,18003574);INSERT INTO "evidence_status" VALUES(19,1,'ZTE Blade Z',0,0,0,0,1,'Backup on Angela RAID',0,18003574);INSERT INTO "evidence_status" VALUES(20,1,'Samsung Galaxy',0,0,0,1,0,NULL,45,18003673);INSERT INTO "evidence_status" VALUES(21,1,'Samsung Galaxy',1,0,0,1,0,NULL,42,3719);INSERT INTO "evidence_status" VALUES(22,1,'Samsung Galaxy',0,0,0,1,0,NULL,42,18004536);INSERT INTO "evidence_status" VALUES(23,43,'Samsung Galaxy S8',1,0,0,1,0,NULL,46,18005759);INSERT INTO "evidence_status" VALUES(24,43,'SD Card',0,0,0,0,1,'From Galaxy 43',46,18005759);INSERT INTO "evidence_status" VALUES(25,0,'Google Pixel 2',0,0,0,1,0,NULL,45,18006173);INSERT INTO "evidence_status" VALUES(26,0,'ICAC Files (Contains CP)',1,1,0,0,1,NULL,46,18006367);INSERT INTO "evidence_status" VALUES(27,0,'ICAC Files(Contains CP)',1,1,0,0,1,NULL,46,18006495);INSERT INTO "evidence_status" VALUES(28,1,'LG Phone',0,0,0,1,0,NULL,50,18006495);INSERT INTO "evidence_status" VALUES(29,2,'Samsung -Christian',0,0,0,1,0,NULL,50,18006495);INSERT INTO "evidence_status" VALUES(30,3,'iPad',1,0,0,1,0,'Released to mother',50,18006495);INSERT INTO "evidence_status" VALUES(31,5,'iPad Christian',0,0,0,1,0,'released to mom',50,18006495);INSERT INTO "evidence_status" VALUES(32,15,'Toshiba Laptop',0,0,1,0,0,NULL,50,18006495);INSERT INTO "evidence_status" VALUES(33,16,'Sanyo Camera (SD Card) ',1,1,0,0,1,NULL,50,18006495);INSERT INTO "evidence_status" VALUES(34,38,'2 DVDs',0,0,0,0,1,NULL,50,18006495);INSERT INTO "evidence_status" VALUES(35,42,'Samsung -Christian',0,0,0,1,0,' (Released)',50,18006495);INSERT INTO "evidence_status" VALUES(36,43,'Samsung Jonathan',0,0,0,1,0,'(Released)',50,18006495);INSERT INTO "evidence_status" VALUES(37,44,'iPad Jonathon',0,0,0,1,0,'Released to Mother',50,18006495);INSERT INTO "evidence_status" VALUES(38,17,'black iPhone',1,0,0,1,0,NULL,50,18006889);CREATE TABLE "officer" (
  "officer_id" integer PRIMARY KEY NOT NULL,
  "officer_name" text NOT NULL,
  FOREIGN KEY (officer_name) REFERENCES "cases" (reporting_ofc),
  FOREIGN KEY (officer_name) REFERENCES "cases" (forensic_inv)
) WITHOUT ROWID;INSERT INTO "officer" VALUES(0,'Backer-Hines');INSERT INTO "officer" VALUES(1,'New');INSERT INTO "officer" VALUES(8,'Bolks');INSERT INTO "officer" VALUES(37,'Marshall');INSERT INTO "officer" VALUES(48,'Ryan');INSERT INTO "officer" VALUES(51,'Kirchgatter');INSERT INTO "officer" VALUES(56,'Wagner');INSERT INTO "officer" VALUES(58,'Pike');INSERT INTO "officer" VALUES(64,'Bolluyt');INSERT INTO "officer" VALUES(66,'Fineran');INSERT INTO "officer" VALUES(69,'Harrell');INSERT INTO "officer" VALUES(71,'Runquist');INSERT INTO "officer" VALUES(72,'Sticha');INSERT INTO "officer" VALUES(73,'Sundgaard');INSERT INTO "officer" VALUES(75,'Reuss');INSERT INTO "officer" VALUES(79,'Logan');INSERT INTO "officer" VALUES(80,'Bratulich');INSERT INTO "officer" VALUES(81,'Tennessen');INSERT INTO "officer" VALUES(82,'Lounsbury');INSERT INTO "officer" VALUES(83,'Collins');INSERT INTO "officer" VALUES(85,'Berens');INSERT INTO "officer" VALUES(86,'Rezny');INSERT INTO "officer" VALUES(87,'Tocko');INSERT INTO "officer" VALUES(91,'Speakman');INSERT INTO "officer" VALUES(92,'Fancher');INSERT INTO "officer" VALUES(93,'Curry');INSERT INTO "officer" VALUES(95,'Evans');INSERT INTO "officer" VALUES(99,'Anselment');INSERT INTO "officer" VALUES(100,'Helgerson');INSERT INTO "officer" VALUES(101,'Ondrey');INSERT INTO "officer" VALUES(102,'Sweeney');INSERT INTO "officer" VALUES(103,'Lejcher');INSERT INTO "officer" VALUES(105,'Letourneau');INSERT INTO "officer" VALUES(106,'Proshek');INSERT INTO "officer" VALUES(107,'Schroepfer');INSERT INTO "officer" VALUES(108,'Schultz');INSERT INTO "officer" VALUES(110,'Koenke');INSERT INTO "officer" VALUES(112,'Roseth');INSERT INTO "officer" VALUES(113,'Boekhoff');INSERT INTO "officer" VALUES(114,'McCarty');INSERT INTO "officer" VALUES(116,'Thul');INSERT INTO "officer" VALUES(118,'Meade');INSERT INTO "officer" VALUES(119,'Streefland');INSERT INTO "officer" VALUES(120,'Kritzeck');INSERT INTO "officer" VALUES(122,'Pederson');INSERT INTO "officer" VALUES(123,'Machtemes');INSERT INTO "officer" VALUES(125,'Nelson');INSERT INTO "officer" VALUES(126,'Tessmer');INSERT INTO "officer" VALUES(127,'Cytryszewsik');INSERT INTO "officer" VALUES(128,'Clausen');INSERT INTO "officer" VALUES(129,'Moseng');INSERT INTO "officer" VALUES(130,'Burstein');INSERT INTO "officer" VALUES(131,'Schneider');INSERT INTO "officer" VALUES(133,'Spiess');INSERT INTO "officer" VALUES(134,'Johnson');INSERT INTO "officer" VALUES(135,'Meyer');INSERT INTO "officer" VALUES(136,'Sannes');INSERT INTO "officer" VALUES(137,'Coulson');INSERT INTO "officer" VALUES(139,'Jorgenson');INSERT INTO "officer" VALUES(140,'Roche');INSERT INTO "officer" VALUES(142,'Caneff');INSERT INTO "officer" VALUES(144,'Mua');INSERT INTO "officer" VALUES(146,'Peterson');INSERT INTO "officer" VALUES(148,'Goodling');INSERT INTO "officer" VALUES(149,'Dorumsgaard');INSERT INTO "officer" VALUES(151,'Kopp');INSERT INTO "officer" VALUES(152,'Boughton');INSERT INTO "officer" VALUES(153,'Elenz');INSERT INTO "officer" VALUES(154,'Zastrow');INSERT INTO "officer" VALUES(155,'Ratzloff');INSERT INTO "officer" VALUES(156,'Syvertsen');INSERT INTO "officer" VALUES(157,'Farnham');DELETE FROM "sqlite_sequence";COMMIT;